x_disc,t0,t1,t2,t3,c0,c1,c2,c3,c4,c5,c6
10.0,9.0,10.0,11.0,36.333333333333336,51.665093833088754,30.557867971941853,20.48393803750312,25.597577700765573,10.98886690342783,11.293993737309664,10.0113547826427
10.0,9.0,10.0,11.0,36.333333333333336,49.97150783176174,28.868219414318816,20.94715068410092,26.358344330241415,11.29834905238322,11.138673840005232,10.088656651325214
10.0,9.0,10.0,11.0,36.333333333333336,43.576414048970186,33.637387313181485,19.100728261503665,26.899830205745875,11.01744430844057,11.244552210884416,10.051768126880459
10.0,9.0,10.0,11.0,36.333333333333336,50.431077096034116,28.72865560214712,20.275568579210628,27.340568866708967,10.797807116522806,11.41112325596299,9.966475858042768
10.0,9.0,10.0,11.0,36.333333333333336,54.303617921449444,22.32883452782626,26.276283788180468,27.609420583618,10.286176281466393,11.634507357018402,9.906770628911515
10.0,9.0,10.0,11.0,36.333333333333336,49.86637435803728,31.07200037991117,19.765959976276648,25.084789482162556,11.65037281914689,11.020639664196244,10.164734790704621
10.0,9.0,10.0,11.0,36.333333333333336,46.743585466764515,33.55566507407146,18.63260347128439,28.06828124510909,10.365737817382481,11.5907541276489,9.877924263071858
10.0,9.0,10.0,11.0,36.333333333333336,54.376733586210655,25.866939898612443,19.73215689862905,27.787301048036404,10.506897982235987,11.5542739674584,9.948440997896048
10.0,9.0,10.0,11.0,36.333333333333336,44.51899921978021,30.57799432438926,19.944917128169166,26.658947449077044,11.501596033746797,11.011909120156869,10.117346331742533
10.0,9.0,10.0,11.0,36.333333333333336,51.27598134223168,25.484459427653327,19.076908116245146,27.381779412416595,10.371846307242375,11.65317262693716,9.871152295952562
10.0,9.0,10.0,11.0,36.333333333333336,55.64814201915167,22.050419853411267,20.468524213050515,26.683445565023526,10.52902451645371,11.46374920427566,9.96057719307917
10.0,9.0,10.0,11.0,36.333333333333336,51.18047180236125,28.72276975539821,19.205676323589937,27.869125897082345,9.878235738050826,11.917536901504812,9.770039088683722
10.0,9.0,10.0,11.0,36.333333333333336,51.89115857468548,30.114488317731496,19.0185752936512,27.470120521829497,10.877566684837454,11.299608567494134,10.009417009198886
10.0,9.0,10.0,11.0,36.333333333333336,56.72442211108387,25.44627641703669,21.115687851852528,26.12103699180411,10.976820872085057,11.343148538593605,10.016740661447452
10.0,9.0,10.0,11.0,36.333333333333336,49.97884720169272,22.56567155635098,22.66235114866944,26.846078034568333,10.667267915390884,11.470831299399396,9.926660916563145
10.0,9.0,10.0,11.0,36.333333333333336,43.450677196982575,34.76494606200436,18.86241772211957,27.86018884912192,10.566989130882307,11.51002455474044,9.949445167356414
10.0,9.0,10.0,11.0,36.333333333333336,51.97574960781484,24.665145453537917,21.12894419765283,27.155593262110685,11.017714052642441,11.270819511127534,10.065913208568917
10.0,9.0,10.0,11.0,36.333333333333336,47.104271050528475,31.463897436131674,19.326737338984746,27.218017832188607,10.796452969471854,11.535516525236691,9.962086866149068
10.0,9.0,10.0,11.0,36.333333333333336,51.4040861478843,26.33646579321904,23.15562206289458,27.235983429530496,10.702491557320021,11.405041987210005,9.984288534134272
10.0,9.0,10.0,11.0,36.333333333333336,48.70936849250658,31.17374940364219,20.877175129529483,28.11329639446222,9.868269914849233,11.790560060021098,9.84215405108811
11.31578947368421,10.31578947368421,11.31578947368421,12.31578947368421,36.771929824561404,54.35136486115151,25.056119927176997,18.031103272690427,24.75442241263772,11.269072972394534,11.118807758409288,10.140064031304295
11.31578947368421,10.31578947368421,11.31578947368421,12.31578947368421,36.771929824561404,48.374642355562244,29.312192470114415,14.688485012852896,23.034402174781732,11.954041787709846,10.839969569596347,10.213381168841938
11.31578947368421,10.31578947368421,11.31578947368421,12.31578947368421,36.771929824561404,49.480882739837305,27.01572908127274,16.229608023909872,24.96581821418006,11.434687717399019,11.062657285956236,10.113255517865978
11.31578947368421,10.31578947368421,11.31578947368421,12.31578947368421,36.771929824561404,41.08639530609223,34.99587681173706,13.761111180964296,24.549311578689995,11.507838105683703,10.87606378471232,10.222946804360584
11.31578947368421,10.31578947368421,11.31578947368421,12.31578947368421,36.771929824561404,49.61978471266008,26.9080008373939,14.552918817540789,23.963526108338556,11.764588196789651,10.936886923611024,10.129176111228364
11.31578947368421,10.31578947368421,11.31578947368421,12.31578947368421,36.771929824561404,50.0443522373037,26.834059824727003,16.508628940897367,23.512021042517837,11.918648825571315,10.78726576035741,10.261237177717492
11.31578947368421,10.31578947368421,11.31578947368421,12.31578947368421,36.771929824561404,48.93319442261945,26.57875035896422,16.996161641899395,24.333145558838254,11.025250569485197,11.27349153726752,10.013525441770964
11.31578947368421,10.31578947368421,11.31578947368421,12.31578947368421,36.771929824561404,44.765450990912434,26.530470564521305,15.415833129905861,23.909515870980947,11.454948772619758,11.127663162390713,10.082562150618608
11.31578947368421,10.31578947368421,11.31578947368421,12.31578947368421,36.771929824561404,49.10165309222195,29.373202313051106,15.734239439767101,25.14892531644102,10.997545315360572,11.263299824507456,10.058093678211554
11.31578947368421,10.31578947368421,11.31578947368421,12.31578947368421,36.771929824561404,53.885648249383514,28.887145872713457,15.32851114296084,23.598275959742466,11.876535487369976,10.796745556025959,10.315595012503914
11.31578947368421,10.31578947368421,11.31578947368421,12.31578947368421,36.771929824561404,49.443047499051815,26.574387498409003,16.64787306441209,23.23776430540227,12.346971531985536,10.491770790744209,10.387531994542686
11.31578947368421,10.31578947368421,11.31578947368421,12.31578947368421,36.771929824561404,47.3318287889073,27.70360449052257,16.018236677108035,23.18610260323446,11.85189040743868,10.767604931014395,10.239352425711164
11.31578947368421,10.31578947368421,11.31578947368421,12.31578947368421,36.771929824561404,49.86947576000176,26.198608449515888,15.5702686906267,24.45402128398751,11.592798014084487,10.955845558389152,10.221980624718162
11.31578947368421,10.31578947368421,11.31578947368421,12.31578947368421,36.771929824561404,51.74390721883931,24.97098376238101,18.2044125232359,22.866373872844044,12.355817388263654,10.596059907708765,10.318033521475337
11.31578947368421,10.31578947368421,11.31578947368421,12.31578947368421,36.771929824561404,51.74799429266694,29.383863418321333,15.807837590435934,23.255256368889665,12.204886770877785,10.648121637571967,10.326124230451985
11.31578947368421,10.31578947368421,11.31578947368421,12.31578947368421,36.771929824561404,41.30155645666182,33.08216521538153,17.73267728611456,23.693579812036656,11.68076996438046,10.81148764399702,10.236320318161983
11.31578947368421,10.31578947368421,11.31578947368421,12.31578947368421,36.771929824561404,54.06687314598488,15.87882108206524,19.16441108254731,24.002337596776893,11.185373367973794,11.166246213418948,10.085966765973861
11.31578947368421,10.31578947368421,11.31578947368421,12.31578947368421,36.771929824561404,49.68542884867923,29.585368855202965,15.588895251654026,24.036979692149632,11.431691273871637,11.018640510692562,10.15747644704342
11.31578947368421,10.31578947368421,11.31578947368421,12.31578947368421,36.771929824561404,53.47141093468603,21.191036538874187,18.699478524038625,23.834838521639067,11.192293565602059,11.22021435423806,10.072625780095485
11.31578947368421,10.31578947368421,11.31578947368421,12.31578947368421,36.771929824561404,44.886456455705364,30.953693184773666,16.05053748524233,24.545819270878354,11.142704094179802,11.224891574318026,10.064747441321499
12.631578947368421,11.631578947368421,12.631578947368421,13.631578947368421,37.21052631578947,46.216935780023,24.079806681186227,13.31186139329771,22.290013662988656,11.454039667205153,11.001448399635798,10.141753720722983
12.631578947368421,11.631578947368421,12.631578947368421,13.631578947368421,37.21052631578947,49.33174249284721,19.99889508858861,16.66574758872758,22.410720584896694,11.665074852783226,10.801110996941622,10.231054449135309
12.631578947368421,11.631578947368421,12.631578947368421,13.631578947368421,37.21052631578947,48.408743787340676,24.726318159690276,14.1280185513762,22.193049490328768,11.685954111917924,10.880497450671738,10.165049365650361
12.631578947368421,11.631578947368421,12.631578947368421,13.631578947368421,37.21052631578947,51.82436326027379,20.810458084624738,15.597026518398376,23.09793427713356,11.073036549109531,11.144355569568917,10.092876814344883
12.631578947368421,11.631578947368421,12.631578947368421,13.631578947368421,37.21052631578947,53.80373061697221,19.53417861112567,16.20302641441649,22.57328197343677,11.494029042639612,10.92185262328797,10.18670647048221
12.631578947368421,11.631578947368421,12.631578947368421,13.631578947368421,37.21052631578947,50.81182275010501,19.65817049279453,16.173045759622724,22.587206306288955,11.125206872570393,11.143197233996805,10.102417493425785
12.631578947368421,11.631578947368421,12.631578947368421,13.631578947368421,37.21052631578947,50.03388280642664,28.692821721156047,14.519410204283446,23.23618889189584,11.134269801850046,11.123119858839965,10.087702646447266
12.631578947368421,11.631578947368421,12.631578947368421,13.631578947368421,37.21052631578947,53.471329326678436,21.84241998631107,12.540108736918743,22.98318713881745,11.11202890268211,11.063562490783193,10.090361370936286
12.631578947368421,11.631578947368421,12.631578947368421,13.631578947368421,37.21052631578947,47.23567089206707,28.018544649592926,13.608119147371442,22.914149094623017,11.346982627177326,11.007041687949156,10.136879748521457
12.631578947368421,11.631578947368421,12.631578947368421,13.631578947368421,37.21052631578947,45.25061141445975,28.085283827696912,14.211243208668757,22.794387059347216,11.57913574081294,10.879699252985423,10.207495053979361
12.631578947368421,11.631578947368421,12.631578947368421,13.631578947368421,37.21052631578947,51.6746294721446,21.55371208932329,15.673624830830885,22.37188314839388,11.739830307054914,10.80968379776355,10.255715939752832
12.631578947368421,11.631578947368421,12.631578947368421,13.631578947368421,37.21052631578947,44.29001575772648,27.34086429989808,12.551333639057843,22.37701452088363,11.717366663291884,10.871799977725331,10.191710693227455
12.631578947368421,11.631578947368421,12.631578947368421,13.631578947368421,37.21052631578947,44.607896853218925,24.457583535747084,14.12691649955822,23.11110847927109,11.52347396617172,10.966683270363093,10.136941173318712
12.631578947368421,11.631578947368421,12.631578947368421,13.631578947368421,37.21052631578947,50.31898788958116,25.915729273262354,13.052935343694399,22.49411353883364,11.244949430139007,11.049121128376482,10.161806840315768
12.631578947368421,11.631578947368421,12.631578947368421,13.631578947368421,37.21052631578947,54.595827079766124,24.308868540832187,15.175508034049576,22.0453020894534,12.113545757120127,10.71854677956603,10.237165143990536
12.631578947368421,11.631578947368421,12.631578947368421,13.631578947368421,37.21052631578947,56.61947625567293,16.42524084109454,16.711798835619618,22.735701794540365,11.084506089773807,11.055128704132073,10.111178885794136
12.631578947368421,11.631578947368421,12.631578947368421,13.631578947368421,37.21052631578947,54.85084908589152,17.04579937001798,16.589833797429918,23.428535740641667,10.948608577597227,11.269171060706373,10.002279597892255
12.631578947368421,11.631578947368421,12.631578947368421,13.631578947368421,37.21052631578947,48.48731376032352,25.396801835082613,13.64247087065806,22.96617145621986,10.739028453138772,11.218655524330684,10.1041013932953
12.631578947368421,11.631578947368421,12.631578947368421,13.631578947368421,37.21052631578947,48.28816480679917,22.561527350155686,14.551433185534291,23.66489000100011,11.07680212828166,11.162887042761199,10.031115601871894
12.631578947368421,11.631578947368421,12.631578947368421,13.631578947368421,37.21052631578947,54.36970258719597,24.73249510113619,12.874027925056359,22.470021636179172,11.376963060403224,11.054406978011267,10.117561612349066
13.947368421052632,12.947368421052632,13.947368421052632,14.947368421052632,37.64912280701754,43.98610418397646,26.394056959643525,10.671439471678152,21.206712716611637,11.093680914686482,11.038681243117445,10.152558798967704
13.947368421052632,12.947368421052632,13.947368421052632,14.947368421052632,37.64912280701754,44.9511894400111,23.482754427313854,11.764923936776821,21.861177795928803,11.374547773784508,10.884759063169007,10.225778959582536
13.947368421052632,12.947368421052632,13.947368421052632,14.947368421052632,37.64912280701754,51.4585412912291,20.60586808114082,11.577004155450402,21.978070159878953,10.934315024023537,11.140773472563723,10.069229916637394
13.947368421052632,12.947368421052632,13.947368421052632,14.947368421052632,37.64912280701754,47.711715283642604,16.558437879695955,14.856314240959728,20.542782239241333,11.526439297398118,10.915196545137166,10.152729861995256
13.947368421052632,12.947368421052632,13.947368421052632,14.947368421052632,37.64912280701754,51.360943107157695,18.65020897767018,15.833577988183157,21.785212767329014,10.990501164881596,11.153378200693082,10.077899351546051
13.947368421052632,12.947368421052632,13.947368421052632,14.947368421052632,37.64912280701754,52.674945742917686,19.618973821513524,14.177249983010965,22.162882648825978,10.893924210770011,11.141278118089984,10.089484378475946
13.947368421052632,12.947368421052632,13.947368421052632,14.947368421052632,37.64912280701754,48.31777111353443,24.01236279482118,13.077618899594606,21.763285562706468,11.136214211026152,11.073815134174628,10.148964548123185
13.947368421052632,12.947368421052632,13.947368421052632,14.947368421052632,37.64912280701754,48.45972420047194,20.4163961410948,10.459935894683742,22.103941466835007,10.886040127703989,11.193118236732397,10.107423092618863
13.947368421052632,12.947368421052632,13.947368421052632,14.947368421052632,37.64912280701754,51.646676126236095,18.04203802656711,14.887103926334865,21.21664944203133,11.462674432812973,10.973496089913345,10.138626884219764
13.947368421052632,12.947368421052632,13.947368421052632,14.947368421052632,37.64912280701754,45.468263809297376,21.72627779994096,15.081046590465952,21.086409613970716,11.157341239972903,11.007220595307144,10.166213975380428
13.947368421052632,12.947368421052632,13.947368421052632,14.947368421052632,37.64912280701754,51.22049857319195,17.721665580124977,14.480256059058233,21.562332661434038,10.928019291995412,11.248876508573321,10.064887347707073
13.947368421052632,12.947368421052632,13.947368421052632,14.947368421052632,37.64912280701754,47.20738282868849,22.90528128180495,11.760254500204425,22.438591621856045,10.71257483252628,11.27711865846995,10.063900297038549
13.947368421052632,12.947368421052632,13.947368421052632,14.947368421052632,37.64912280701754,48.85929758652796,21.55150342892713,12.915221176766524,21.959669968328516,10.782546417208767,11.212244074300195,10.056320883660351
13.947368421052632,12.947368421052632,13.947368421052632,14.947368421052632,37.64912280701754,51.68442026063527,18.000753754554335,14.658984610762325,21.879467460889796,11.105355535008979,11.153488482866186,10.10468638071624
13.947368421052632,12.947368421052632,13.947368421052632,14.947368421052632,37.64912280701754,52.791590627076076,18.4769869460954,12.520093228141185,23.08336069524695,10.296159720052943,11.37040901862085,9.987187190858899
13.947368421052632,12.947368421052632,13.947368421052632,14.947368421052632,37.64912280701754,49.137409657757615,20.64637292979482,13.842616938430837,21.852609674622233,10.565952241726448,11.28838554714454,10.017560423557125
13.947368421052632,12.947368421052632,13.947368421052632,14.947368421052632,37.64912280701754,42.527839773057174,23.907948093842137,12.235349196459888,20.555460739596345,11.666949750309746,10.794007773296233,10.228887295783368
13.947368421052632,12.947368421052632,13.947368421052632,14.947368421052632,37.64912280701754,50.038042556715055,18.606009255342098,13.253876160174803,21.697370042477953,10.954094930982897,11.08693948630259,10.145089988223567
13.947368421052632,12.947368421052632,13.947368421052632,14.947368421052632,37.64912280701754,49.57694915321796,22.486404773253373,12.063306816794528,21.483425222228067,11.390834195702864,10.942929634662168,10.155553825100366
13.947368421052632,12.947368421052632,13.947368421052632,14.947368421052632,37.64912280701754,51.73936864361802,19.27454806393676,14.818376756190833,21.452975237243727,11.532578047962946,10.847458499268312,10.190054987139028
15.263157894736842,14.263157894736842,15.263157894736842,16.263157894736842,38.08771929824562,48.11454487762182,15.403489604936007,12.838703525991846,20.37757873729414,10.956982114775217,11.041629586653832,10.174486504454533
15.263157894736842,14.263157894736842,15.263157894736842,16.263157894736842,38.08771929824562,48.011580780429604,21.16234747688982,11.408597016198906,20.5165747520746,10.742211112553472,11.220341677709609,10.061022668059662
15.263157894736842,14.263157894736842,15.263157894736842,16.263157894736842,38.08771929824562,46.65072172980404,22.061469572176307,12.081400318899476,19.740953735161067,11.427086012681016,10.9267948331226,10.149077474005992
15.263157894736842,14.263157894736842,15.263157894736842,16.263157894736842,38.08771929824562,51.2614136803379,16.507819853165714,12.444006992656366,20.421395952184618,10.925168119518124,11.112184982590499,10.046616663627667
15.263157894736842,14.263157894736842,15.263157894736842,16.263157894736842,38.08771929824562,47.93199157052711,13.577410353313907,13.42499695781274,20.670812296728467,10.83400989199677,11.148898317392364,10.107414844587337
15.263157894736842,14.263157894736842,15.263157894736842,16.263157894736842,38.08771929824562,52.14191825903955,15.411204502804646,13.960984788232365,19.93476328186354,10.963160007537994,11.133484989732905,10.052973674932614
15.263157894736842,14.263157894736842,15.263157894736842,16.263157894736842,38.08771929824562,45.9376395532959,16.46789912016229,13.278209023003944,20.550523922793523,11.061407437216332,11.033056702158786,10.113483344081535
15.263157894736842,14.263157894736842,15.263157894736842,16.263157894736842,38.08771929824562,44.01945944291178,21.814555921566317,12.351433843337674,20.509575876869263,10.799290162335828,11.15437217889123,10.091435645694517
15.263157894736842,14.263157894736842,15.263157894736842,16.263157894736842,38.08771929824562,51.75331270309167,16.529239388242875,12.187996767671407,20.162249432308545,10.926253376455875,11.056071292222969,10.133592127257042
15.263157894736842,14.263157894736842,15.263157894736842,16.263157894736842,38.08771929824562,49.451546946764886,17.77401560483095,13.508812663550522,20.812781639688236,11.108653961681082,10.971288641288192,10.141946375300135
15.263157894736842,14.263157894736842,15.263157894736842,16.263157894736842,38.08771929824562,43.82402259791121,22.527969026655345,10.839131170285587,20.46464012891119,11.323716477312983,10.893915091980446,10.192885145418483
15.263157894736842,14.263157894736842,15.263157894736842,16.263157894736842,38.08771929824562,54.6346551479305,11.557330215489909,15.151390896495153,20.33135982090804,11.113104387112626,11.009769431498208,10.166354451053254
15.263157894736842,14.263157894736842,15.263157894736842,16.263157894736842,38.08771929824562,52.796401119470495,15.73687349429128,12.963802971561211,20.196814043348216,11.22156511690154,10.865214297804487,10.200014416666422
15.263157894736842,14.263157894736842,15.263157894736842,16.263157894736842,38.08771929824562,50.92463195117617,18.60567456110663,12.36792458093661,20.492608657560947,11.034858497353445,11.019285131556673,10.160779820129063
15.263157894736842,14.263157894736842,15.263157894736842,16.263157894736842,38.08771929824562,46.0824303850465,22.42575034799123,11.596683027767378,21.789242201691827,10.169348558648036,11.466813798885088,9.960922801751753
15.263157894736842,14.263157894736842,15.263157894736842,16.263157894736842,38.08771929824562,51.25195812399016,14.333500273987303,14.085156338134201,20.308164379369394,10.997114601230592,11.001073719654352,10.114706753212305
15.263157894736842,14.263157894736842,15.263157894736842,16.263157894736842,38.08771929824562,48.73505491564257,15.195333419373862,13.689576901813794,20.584475680808563,10.922992978081716,11.08745814443088,10.103268815416536
15.263157894736842,14.263157894736842,15.263157894736842,16.263157894736842,38.08771929824562,48.33280666085286,25.087805462666747,8.75750485955463,20.767027094249947,10.970283362075417,11.062796419267409,10.100584270849662
15.263157894736842,14.263157894736842,15.263157894736842,16.263157894736842,38.08771929824562,46.344711044065896,19.00839596476205,12.384585150181572,21.382897458447683,10.781811653262784,11.17494111789346,10.07638160537086
15.263157894736842,14.263157894736842,15.263157894736842,16.263157894736842,38.08771929824562,53.36964659936721,15.617369444887986,12.880429193987872,20.598604744419486,10.773728511715735,11.198726691237509,10.10266493290562
16.578947368421055,15.578947368421055,16.578947368421055,17.578947368421055,38.526315789473685,45.126928715133865,20.09915730344114,8.439609318926045,18.887144568288914,11.300871409115251,10.940126666580001,10.160738029038
16.578947368421055,15.578947368421055,16.578947368421055,17.578947368421055,38.526315789473685,50.92132288072913,13.402227273023447,10.708071897197716,18.688114732352183,11.478409554148762,10.77252327909941,10.221325058980042
16.578947368421055,15.578947368421055,16.578947368421055,17.578947368421055,38.526315789473685,52.66349770834245,12.696305455001202,11.478762780373186,17.928828146609163,11.842534470934062,10.59869420326569,10.32125111325718
16.578947368421055,15.578947368421055,16.578947368421055,17.578947368421055,38.526315789473685,52.819935118067356,12.819404242480761,11.130691492087415,17.883226866553667,11.724060656412481,10.622995544397076,10.28922641679245
16.578947368421055,15.578947368421055,16.578947368421055,17.578947368421055,38.526315789473685,49.36669021485202,18.848386673574247,8.941143067916832,18.299104251881456,11.8871115524696,10.612141249218057,10.298418401577894
16.578947368421055,15.578947368421055,16.578947368421055,17.578947368421055,38.526315789473685,44.44993439860397,16.71576713833332,10.6612959477608,18.506811008470205,11.6394934622793,10.713780836870217,10.277400402555486
16.578947368421055,15.578947368421055,16.578947368421055,17.578947368421055,38.526315789473685,49.51538473155138,16.604439024001955,8.866158971567604,18.42634549318372,11.59602856817242,10.650935433555329,10.245531664727501
16.578947368421055,15.578947368421055,16.578947368421055,17.578947368421055,38.526315789473685,52.22577882286244,12.099737843758733,10.467040029212901,18.351236089212197,11.620157203083442,10.64761323208674,10.2796709592102
16.578947368421055,15.578947368421055,16.578947368421055,17.578947368421055,38.526315789473685,46.19957341232884,18.27202418617036,9.239526256665599,17.650090721788374,11.97572709118684,10.494242206623085,10.335692647955932
16.578947368421055,15.578947368421055,16.578947368421055,17.578947368421055,38.526315789473685,49.80532659844532,17.155156035512746,8.94768934202329,18.743444775370378,11.602346078095032,10.704839998530261,10.254262655792056
16.578947368421055,15.578947368421055,16.578947368421055,17.578947368421055,38.526315789473685,50.8685256974085,11.966263601503451,11.624786027640885,17.903319613638814,11.800939365077998,10.686289091849307,10.291091930482654
16.578947368421055,15.578947368421055,16.578947368421055,17.578947368421055,38.526315789473685,47.71791905228908,17.281782862644466,10.054309628264173,18.50112478074077,11.33694409729608,10.86228154587482,10.19969292846541
16.578947368421055,15.578947368421055,16.578947368421055,17.578947368421055,38.526315789473685,48.32373069601551,19.05773430057887,8.654575934771653,18.316580986079963,11.708968527890015,10.652799266674867,10.309579032636744
16.578947368421055,15.578947368421055,16.578947368421055,17.578947368421055,38.526315789473685,48.94552662930777,17.4247830572287,8.44907443644651,19.042699859726184,11.427985919982232,10.69998810530896,10.276141177221362
16.578947368421055,15.578947368421055,16.578947368421055,17.578947368421055,38.526315789473685,47.879245712892406,16.306589802764194,10.406634802060331,18.232107593725903,11.470439426837537,10.76166680231985,10.2116444511335
16.578947368421055,15.578947368421055,16.578947368421055,17.578947368421055,38.526315789473685,47.57415160239537,16.521377670573692,9.528144302086691,18.515922007699295,11.566863804681672,10.69738491724907,10.282961342060801
16.578947368421055,15.578947368421055,16.578947368421055,17.578947368421055,38.526315789473685,49.718004800209215,18.598961519377276,8.722158588567092,18.205915325179365,11.65375186445071,10.620497212254289,10.283097304150898
16.578947368421055,15.578947368421055,16.578947368421055,17.578947368421055,38.526315789473685,48.24310194195285,12.616615323071215,10.544581016628518,17.96492174095164,11.71183076090369,10.556197445024953,10.340504091606531
16.578947368421055,15.578947368421055,16.578947368421055,17.578947368421055,38.526315789473685,45.377739797790625,17.316792668325864,9.895442701196382,18.177664858388507,11.738421274753335,10.66045936167993,10.251293817850966
16.578947368421055,15.578947368421055,16.578947368421055,17.578947368421055,38.526315789473685,49.10975832281957,18.668193450265168,9.809349540251064,18.892889494640933,11.468189211170397,10.822977465282925,10.208322966508504
17.894736842105264,16.894736842105264,17.894736842105264,18.894736842105264,38.96491228070175,44.75642400864449,15.90581118029307,9.437636134197996,18.448132809279546,10.814358580744777,11.041162658379585,10.12721558251566
17.894736842105264,16.894736842105264,17.894736842105264,18.894736842105264,38.96491228070175,53.19224470236251,14.80140634703892,9.485099764512583,18.016562622839878,11.199594512678383,10.846723062739924,10.193591058224158
17.894736842105264,16.894736842105264,17.894736842105264,18.894736842105264,38.96491228070175,47.30219611193041,16.39661727148182,7.948000234421314,18.070098554098458,11.238449093309075,10.83208271155188,10.199899542571156
17.894736842105264,16.894736842105264,17.894736842105264,18.894736842105264,38.96491228070175,51.067160664138044,9.85896383034111,10.574169174577344,17.654766624432302,11.393788789124605,10.781819855653426,10.187449584012024
17.894736842105264,16.894736842105264,17.894736842105264,18.894736842105264,38.96491228070175,49.5032647366969,15.928464245827941,7.127459426346847,18.58830346358202,10.912591431570846,10.946132653052352,10.183798280810505
17.894736842105264,16.894736842105264,17.894736842105264,18.894736842105264,38.96491228070175,49.75554391266457,12.55710003505949,9.942350980563509,18.20590891394142,11.035304954030742,10.962557223147344,10.131796088110221
17.894736842105264,16.894736842105264,17.894736842105264,18.894736842105264,38.96491228070175,47.611435161018875,14.775868590051122,9.926950627814948,18.254229170409943,11.10459583169131,10.874798855113108,10.183139337606038
17.894736842105264,16.894736842105264,17.894736842105264,18.894736842105264,38.96491228070175,51.73467625130433,8.666335727334124,11.274453855877605,17.53746231024216,11.792920310399438,10.511297655829669,10.311417927940015
17.894736842105264,16.894736842105264,17.894736842105264,18.894736842105264,38.96491228070175,49.05656105676061,14.7460557247032,8.622412560573695,18.000929042932107,11.11156509869966,10.80469203765616,10.194263817674516
17.894736842105264,16.894736842105264,17.894736842105264,18.894736842105264,38.96491228070175,47.92708728264332,11.377413823785274,9.740039574956686,17.714453307096107,11.13671097808415,10.913790129670359,10.19455456303744
17.894736842105264,16.894736842105264,17.894736842105264,18.894736842105264,38.96491228070175,49.5129000580993,14.487511694988825,9.519731725979014,17.31968032144343,11.830111677469178,10.473696343474987,10.332472779068361
17.894736842105264,16.894736842105264,17.894736842105264,18.894736842105264,38.96491228070175,49.81966129315738,13.643099881640898,10.411399928465174,18.184814564659895,11.07398448188033,10.880256488538231,10.185922800905038
17.894736842105264,16.894736842105264,17.894736842105264,18.894736842105264,38.96491228070175,47.43431715374219,13.625134732032345,10.753018667078805,17.20334552119965,11.512604900892978,10.645033200450987,10.303987317489417
17.894736842105264,16.894736842105264,17.894736842105264,18.894736842105264,38.96491228070175,48.46239456275377,15.583984477047439,7.56413783913651,18.34414946537496,11.022374018204538,10.88044036849336,10.19156679587702
17.894736842105264,16.894736842105264,17.894736842105264,18.894736842105264,38.96491228070175,47.49227998620836,13.23818203240102,10.374493030976605,18.491499122916363,10.952767880604608,10.954881228582298,10.128065130661266
17.894736842105264,16.894736842105264,17.894736842105264,18.894736842105264,38.96491228070175,48.42828360168803,12.712172690113572,10.715148790400027,17.825947911611443,11.251005697732198,10.839329702704697,10.258341606913024
17.894736842105264,16.894736842105264,17.894736842105264,18.894736842105264,38.96491228070175,44.561565263433266,15.796760587871724,6.758159663560506,18.477126090839185,10.889559266620415,10.949354284329164,10.212557287175168
17.894736842105264,16.894736842105264,17.894736842105264,18.894736842105264,38.96491228070175,44.599727899272466,18.09967857193123,8.876969389988226,17.55452187922466,11.155815065251819,10.892601665593814,10.147525512448551
17.894736842105264,16.894736842105264,17.894736842105264,18.894736842105264,38.96491228070175,51.60013082543185,8.539472218667932,11.242173174881458,18.15583329353952,10.803429497210056,11.06943045649927,10.122782276128168
17.894736842105264,16.894736842105264,17.894736842105264,18.894736842105264,38.96491228070175,44.87044979060157,18.12680751386596,8.384173984579629,18.285569329697722,11.241659120791969,10.817872980883855,10.229416824200936
19.210526315789473,18.210526315789473,19.210526315789473,20.210526315789473,39.40350877192982,48.715532659409064,15.490960803977481,7.9242671468055255,17.693496126027625,10.698192460998559,10.98544166197291,10.12240035355179
19.210526315789473,18.210526315789473,19.210526315789473,20.210526315789473,39.40350877192982,52.019220286828016,9.682562936770374,9.572066440100228,17.166104307862767,11.36721411507869,10.67751711683839,10.2628707797947
19.210526315789473,18.210526315789473,19.210526315789473,20.210526315789473,39.40350877192982,48.57249173909365,8.788072495446121,9.976988172039238,17.13832713694415,11.18410200787362,10.758553870463652,10.224588256002086
19.210526315789473,18.210526315789473,19.210526315789473,20.210526315789473,39.40350877192982,50.85116998621998,7.053576305570089,10.690074142685301,17.254918590708257,11.138677509123713,10.801811943067685,10.239813500346411
19.210526315789473,18.210526315789473,19.210526315789473,20.210526315789473,39.40350877192982,48.84607164860856,11.534085578760148,8.849517542966451,17.128933146459442,11.271932907162714,10.744593771117886,10.19744563436548
19.210526315789473,18.210526315789473,19.210526315789473,20.210526315789473,39.40350877192982,50.30266119722409,14.490524472460015,8.21487112577328,17.035850237277746,11.369723491097902,10.688272032378089,10.244947202058466
19.210526315789473,18.210526315789473,19.210526315789473,20.210526315789473,39.40350877192982,47.03196953141695,10.582953532808084,8.970786695573617,17.142359562836585,11.461457176216951,10.678969865484229,10.244161255886688
19.210526315789473,18.210526315789473,19.210526315789473,20.210526315789473,39.40350877192982,48.06861575841379,14.424018468938408,8.102035452657244,17.31135555582109,11.20077434023588,10.795983238147729,10.243004024626607
19.210526315789473,18.210526315789473,19.210526315789473,20.210526315789473,39.40350877192982,48.170067827114856,12.756534591084746,8.565810465310907,17.219024478638367,10.799460242992584,11.017694182935772,10.160420777480466
19.210526315789473,18.210526315789473,19.210526315789473,20.210526315789473,39.40350877192982,48.18783866021735,9.048974227952787,9.309552211132525,17.58562542252195,10.922578055756667,10.920345709903868,10.148205735089986
19.210526315789473,18.210526315789473,19.210526315789473,20.210526315789473,39.40350877192982,52.23139819801049,7.164981556758791,10.351633306669864,17.42036037243914,10.802139046881733,10.953039011796418,10.206538009320074
19.210526315789473,18.210526315789473,19.210526315789473,20.210526315789473,39.40350877192982,50.96783049911995,8.714805227453073,9.401888364951608,16.944042252142996,11.092715524487188,10.855667997373597,10.192702075094077
19.210526315789473,18.210526315789473,19.210526315789473,20.210526315789473,39.40350877192982,48.51827713183843,8.308385971235651,9.620250251284581,17.156951430684853,11.353028597952552,10.680872569656286,10.250585554389215
19.210526315789473,18.210526315789473,19.210526315789473,20.210526315789473,39.40350877192982,51.1820666883631,10.020652676880054,9.320142114895472,17.11654723392794,10.7996272645155,11.04426046038602,10.152853200397558
19.210526315789473,18.210526315789473,19.210526315789473,20.210526315789473,39.40350877192982,49.19820159966258,10.04678936125616,9.518291241601695,17.31997416825742,11.03167081766028,10.908114415952431,10.218431373866848
19.210526315789473,18.210526315789473,19.210526315789473,20.210526315789473,39.40350877192982,49.8244001377115,10.305820337150308,9.89261337432363,17.698312087417015,10.924147204632813,10.940524410884446,10.135041832949447
19.210526315789473,18.210526315789473,19.210526315789473,20.210526315789473,39.40350877192982,45.651462020576226,14.86664260187133,7.396709193827892,17.862872367612887,10.790598374278659,10.992605300637495,10.150466767696457
19.210526315789473,18.210526315789473,19.210526315789473,20.210526315789473,39.40350877192982,52.72476675494136,4.579194514859173,10.868897221877264,18.307414466256443,10.662239759835353,11.019738311379053,10.110661966455005
19.210526315789473,18.210526315789473,19.210526315789473,20.210526315789473,39.40350877192982,44.35743293860911,16.31983059539598,7.148060401700633,17.974844571194122,10.712666802732187,11.03657843988355,10.155142797953362
19.210526315789473,18.210526315789473,19.210526315789473,20.210526315789473,39.40350877192982,47.37532984222425,15.405225666461524,7.47702299466777,18.04079233475082,10.454314313480202,11.207641262426401,10.124978475475645
20.526315789473685,19.526315789473685,20.526315789473685,21.526315789473685,39.8421052631579,48.708481582052336,12.2200159931702,6.4078613934406885,14.345386820368313,12.147161479784275,10.313232520584043,10.385423987548458
20.526315789473685,19.526315789473685,20.526315789473685,21.526315789473685,39.8421052631579,44.370494973323154,12.322226456779413,6.580377956783916,15.298428516139543,11.763429497674904,10.435313680856469,10.40967197810494
20.526315789473685,19.526315789473685,20.526315789473685,21.526315789473685,39.8421052631579,41.371335540794576,12.719211072366274,5.793533635884274,15.385175866586149,11.808898526461654,10.377404936697232,10.405533344315913
20.526315789473685,19.526315789473685,20.526315789473685,21.526315789473685,39.8421052631579,47.30134393410362,10.224625530794482,7.498393111273821,15.557476629496904,11.709765463669438,10.488982724061295,10.401886225152616
20.526315789473685,19.526315789473685,20.526315789473685,21.526315789473685,39.8421052631579,41.82425333111927,15.065178947084618,4.66737396042476,15.788921081721075,11.556694568940861,10.5336191967523,10.36215025307012
20.526315789473685,19.526315789473685,20.526315789473685,21.526315789473685,39.8421052631579,44.42271514533908,14.133551926781244,5.281279685092307,15.486203608801596,11.738138457873996,10.475106212153523,10.402777017863622
20.526315789473685,19.526315789473685,20.526315789473685,21.526315789473685,39.8421052631579,50.02683854249864,9.951434039561084,6.907145677199342,15.377041505342108,11.984703992561405,10.31258295231272,10.426361941691981
20.526315789473685,19.526315789473685,20.526315789473685,21.526315789473685,39.8421052631579,47.16784051134994,12.31083429743485,6.5183301676800784,14.828279989640722,11.968599868277634,10.3764752601184,10.40215276210106
20.526315789473685,19.526315789473685,20.526315789473685,21.526315789473685,39.8421052631579,51.22475836806607,7.38477795208834,7.55920069903246,15.362807249961,11.599943799889529,10.53018302819389,10.339718040330897
20.526315789473685,19.526315789473685,20.526315789473685,21.526315789473685,39.8421052631579,44.67428325980164,12.873258004824836,5.941337657509314,15.525268398052114,11.666650461998223,10.511034377785506,10.337987914625707
20.526315789473685,19.526315789473685,20.526315789473685,21.526315789473685,39.8421052631579,53.5531723885122,5.161730782047872,8.845538297603238,14.770899546484541,12.007892606252216,10.388680449016803,10.38725103261935
20.526315789473685,19.526315789473685,20.526315789473685,21.526315789473685,39.8421052631579,45.780091512883025,15.11949568318039,5.036349965373939,15.713627359481963,11.416995504964907,10.615221615796619,10.294177822049845
20.526315789473685,19.526315789473685,20.526315789473685,21.526315789473685,39.8421052631579,50.24626895010733,8.8176354841821,7.197545029391265,15.554494625827658,11.747073210258566,10.449858068796821,10.312548746095835
20.526315789473685,19.526315789473685,20.526315789473685,21.526315789473685,39.8421052631579,47.50924297781461,12.604725648126477,6.481075773310618,15.960322594402848,11.372666255667031,10.699902207395958,10.252207743287801
20.526315789473685,19.526315789473685,20.526315789473685,21.526315789473685,39.8421052631579,50.64238959744846,9.481685594294222,7.11189770938905,15.536697023839485,11.740759627009572,10.446221758785045,10.338478170415048
20.526315789473685,19.526315789473685,20.526315789473685,21.526315789473685,39.8421052631579,51.19534615980849,8.411298402761135,7.628544624535287,15.541318014346881,11.777757430384419,10.366518199836413,10.408249474829981
20.526315789473685,19.526315789473685,20.526315789473685,21.526315789473685,39.8421052631579,45.809067271241446,12.11926073230857,6.691463861877512,15.610253938675289,11.471909805162849,10.599363439511396,10.295989769408424
20.526315789473685,19.526315789473685,20.526315789473685,21.526315789473685,39.8421052631579,48.2047133930745,6.439364416468391,8.192601340465766,15.017559899242292,11.827303749581416,10.419636636501568,10.372766141522876
20.526315789473685,19.526315789473685,20.526315789473685,21.526315789473685,39.8421052631579,47.63197334868775,9.34003963212808,7.499755679530998,15.242765218260091,11.6346786884178,10.574582575625591,10.31117176027231
20.526315789473685,19.526315789473685,20.526315789473685,21.526315789473685,39.8421052631579,46.19365389732354,11.046003722311644,6.957589860431163,15.630242921058427,11.725450511302432,10.502529566247306,10.356407307511798
21.842105263157897,20.842105263157897,21.842105263157897,22.842105263157897,40.280701754385966,50.52046130346171,4.252853767124297,7.550969376639346,15.269099155967686,11.391722027399409,10.579377935289262,10.307904363385612
21.842105263157897,20.842105263157897,21.842105263157897,22.842105263157897,40.280701754385966,46.54779339240627,7.123018953331688,7.373408525102747,15.339509355412094,11.361529567960424,10.64572717315196,10.254641317255473
21.842105263157897,20.842105263157897,21.842105263157897,22.842105263157897,40.280701754385966,49.691052185342066,10.151680573915284,5.961777340023888,15.474493987474851,11.394499897365758,10.563788252527349,10.288707291573703
21.842105263157897,20.842105263157897,21.842105263157897,22.842105263157897,40.280701754385966,50.727485254530336,7.87702965321675,6.388221977734406,15.380948054740688,11.180096193634546,10.658288032401376,10.25419671854912
21.842105263157897,20.842105263157897,21.842105263157897,22.842105263157897,40.280701754385966,49.16056805980885,4.923329899662277,7.9255186795056325,14.91525780861822,11.362184083964742,10.563193698688497,10.288765398331245
21.842105263157897,20.842105263157897,21.842105263157897,22.842105263157897,40.280701754385966,47.95187450424377,7.111955458383056,7.219094603845159,15.049725155719168,11.35779282005825,10.599702703933232,10.271045869240092
21.842105263157897,20.842105263157897,21.842105263157897,22.842105263157897,40.280701754385966,50.211040758580815,8.593509586375864,5.709258003666099,14.976025377647709,11.57079908470559,10.52852250777925,10.336960138483077
21.842105263157897,20.842105263157897,21.842105263157897,22.842105263157897,40.280701754385966,47.76650287072987,9.112253553688362,6.468831348360246,15.042169065256166,11.230455748944971,10.711889679883809,10.259522025519354
21.842105263157897,20.842105263157897,21.842105263157897,22.842105263157897,40.280701754385966,48.21298489597794,7.51735154039971,6.842056758903217,15.359262264635591,11.228499040758832,10.624545480724564,10.276965036959725
21.842105263157897,20.842105263157897,21.842105263157897,22.842105263157897,40.280701754385966,48.52882927965697,8.471857522403798,6.410410877144474,14.79775117262807,11.660559731684712,10.437553437216911,10.387871854702032
21.842105263157897,20.842105263157897,21.842105263157897,22.842105263157897,40.280701754385966,50.50901459812566,6.307522609312283,7.460324884014178,15.609023245488714,11.05155510995024,10.75853387085486,10.220073378267054
21.842105263157897,20.842105263157897,21.842105263157897,22.842105263157897,40.280701754385966,49.60396262058044,6.904208357060344,7.123843937398775,14.669792634022137,11.475601150164886,10.565413036413304,10.304356656869398
21.842105263157897,20.842105263157897,21.842105263157897,22.842105263157897,40.280701754385966,46.70812804808624,8.79966100112344,6.121517277524412,15.374066749368007,11.419533520927166,10.536040466899586,10.332099137740911
21.842105263157897,20.842105263157897,21.842105263157897,22.842105263157897,40.280701754385966,52.881151819397964,5.543886461606789,7.191127390771076,15.050360403151851,11.44121589380026,10.544051698758363,10.317746660291903
21.842105263157897,20.842105263157897,21.842105263157897,22.842105263157897,40.280701754385966,49.64706275255435,6.527189806131571,6.7233526036891185,15.135456943061936,11.348882076706808,10.595412841561451,10.297593617153767
21.842105263157897,20.842105263157897,21.842105263157897,22.842105263157897,40.280701754385966,47.123976320872174,8.837380723583161,5.600094146939712,15.221379205379325,11.451249547798652,10.541635036011144,10.30815322948697
21.842105263157897,20.842105263157897,21.842105263157897,22.842105263157897,40.280701754385966,52.359515220482145,3.5476389865306293,8.147402787411059,14.712694601162804,11.488710797969222,10.53742124623966,10.315534023082067
21.842105263157897,20.842105263157897,21.842105263157897,22.842105263157897,40.280701754385966,46.836700090640335,10.148480695411415,5.85026565890803,15.534288232842862,11.194595364935417,10.655601276303095,10.297442506702733
21.842105263157897,20.842105263157897,21.842105263157897,22.842105263157897,40.280701754385966,49.34454321006174,9.702661300715471,6.129107277228176,15.122290060182662,11.35614154498116,10.603943050142906,10.281468407919682
21.842105263157897,20.842105263157897,21.842105263157897,22.842105263157897,40.280701754385966,49.01377931960562,6.98697676814303,6.892202715352579,15.725742602515103,10.894787327905679,10.785721158053033,10.232964776113924
23.157894736842106,22.157894736842106,23.157894736842106,24.157894736842106,40.719298245614034,46.87993605387532,6.6762067015301545,6.713295038374961,15.41314034935147,10.765562625327703,10.841997258047202,10.220499287600958
23.157894736842106,22.157894736842106,23.157894736842106,24.157894736842106,40.719298245614034,44.31918347713278,7.519615635864743,6.062382025381909,15.26656386862107,10.874292594355191,10.762088650457473,10.236165556884457
23.157894736842106,22.157894736842106,23.157894736842106,24.157894736842106,40.719298245614034,48.08639370418674,4.80563593711066,7.180080270393277,14.77971439066527,10.887538182179611,10.738465367537156,10.214121446166015
23.157894736842106,22.157894736842106,23.157894736842106,24.157894736842106,40.719298245614034,46.40645676445114,5.671728281630592,6.882242898347261,15.11627644484927,11.102719183165213,10.699126765890348,10.293615616408465
23.157894736842106,22.157894736842106,23.157894736842106,24.157894736842106,40.719298245614034,50.18235900159837,4.104236440706818,6.603199871126425,15.454362567997093,10.606520985907338,10.925557393189058,10.184629185501844
23.157894736842106,22.157894736842106,23.157894736842106,24.157894736842106,40.719298245614034,48.30237092919761,5.205107741128142,7.008267639033862,15.248122633296612,11.056219748543299,10.624297712517597,10.304961249657229
23.157894736842106,22.157894736842106,23.157894736842106,24.157894736842106,40.719298245614034,51.21091266870059,2.3083187264030514,8.236486871847978,14.910820187183486,11.19274393771943,10.573535008171024,10.332588260029851
23.157894736842106,22.157894736842106,23.157894736842106,24.157894736842106,40.719298245614034,47.202455824009505,5.9947283909589535,6.195959092017136,15.316541586695624,10.989808753420693,10.733979537955536,10.225668816116057
23.157894736842106,22.157894736842106,23.157894736842106,24.157894736842106,40.719298245614034,49.40846743530884,5.038506466213588,6.985571351899833,15.01790928725353,11.028156551152074,10.69989311021307,10.248588744544426
23.157894736842106,22.157894736842106,23.157894736842106,24.157894736842106,40.719298245614034,49.515069555159876,4.429052691599275,6.951343663953484,14.943069206219542,11.217381153207613,10.550902426474025,10.315593244838352
23.157894736842106,22.157894736842106,23.157894736842106,24.157894736842106,40.719298245614034,53.48501920691209,-0.23113295945765358,8.198343939012544,14.991126793050292,11.041926327845324,10.640448320047879,10.29720210054144
23.157894736842106,22.157894736842106,23.157894736842106,24.157894736842106,40.719298245614034,43.07803316572427,9.823501777834277,5.325037342622423,15.198254541742383,10.827900619211766,10.808641869098853,10.247982288456818
23.157894736842106,22.157894736842106,23.157894736842106,24.157894736842106,40.719298245614034,47.459793668480124,5.462709143513391,6.859540763243477,15.643934251118782,10.721560080651317,10.831599502098497,10.205292357627481
23.157894736842106,22.157894736842106,23.157894736842106,24.157894736842106,40.719298245614034,46.89927589706875,7.159942046027645,6.179264263614482,14.90449924476054,11.010816735640296,10.72872450678571,10.256076783692059
23.157894736842106,22.157894736842106,23.157894736842106,24.157894736842106,40.719298245614034,48.697859936293256,5.077882532210329,6.43904624810028,15.079769982084851,10.557926530648421,10.922977154138174,10.145482785035652
23.157894736842106,22.157894736842106,23.157894736842106,24.157894736842106,40.719298245614034,47.082153288667115,5.481232288393094,7.742206869402323,15.429725877497136,10.700322218480924,10.864903511771677,10.197871320047573
23.157894736842106,22.157894736842106,23.157894736842106,24.157894736842106,40.719298245614034,48.44712885398633,5.156694664187363,6.537948719702846,14.982461704833671,11.041169029097015,10.65531087897773,10.2880776578809
23.157894736842106,22.157894736842106,23.157894736842106,24.157894736842106,40.719298245614034,46.945781586466154,4.961276035028784,7.118967036771139,15.240046025105837,10.775076771404326,10.870003214105244,10.159954835492556
23.157894736842106,22.157894736842106,23.157894736842106,24.157894736842106,40.719298245614034,44.794868417363666,6.1397183845165975,6.48341879008645,14.943603400373282,10.9337446773503,10.724494113203274,10.28948308932396
23.157894736842106,22.157894736842106,23.157894736842106,24.157894736842106,40.719298245614034,49.23749392850818,2.182068327055654,7.91730603827935,15.024429298610555,11.071419344064584,10.717751215079913,10.263540023596883
24.473684210526315,23.473684210526315,24.473684210526315,25.473684210526315,41.1578947368421,48.82092469269075,2.786667073215038,6.833611775354948,15.049359081020587,10.513085155655693,10.897460119302414,10.230986534214003
24.473684210526315,23.473684210526315,24.473684210526315,25.473684210526315,41.1578947368421,48.867545301230365,1.2322825527230088,7.340082052577777,14.611447075576475,10.996107731680878,10.682286107508181,10.259540096662036
24.473684210526315,23.473684210526315,24.473684210526315,25.473684210526315,41.1578947368421,46.82816586536151,2.694972081067727,7.510005567493838,14.825708533955524,10.621200608501887,10.859747170805342,10.207455096833447
24.473684210526315,23.473684210526315,24.473684210526315,25.473684210526315,41.1578947368421,44.59897048090276,6.431688871472286,6.041204223843006,15.102343756179147,10.450215695138487,10.92459971494216,10.187933529837434
24.473684210526315,23.473684210526315,24.473684210526315,25.473684210526315,41.1578947368421,47.5754985280205,5.710670414799603,5.943290524572329,15.004643052417961,10.66908323003635,10.850923163639838,10.219654048316626
24.473684210526315,23.473684210526315,24.473684210526315,25.473684210526315,41.1578947368421,49.48447802564233,-0.2738225427567918,8.527359572784492,15.093026716943546,10.587272868882826,10.896531627040613,10.15215021320485
24.473684210526315,23.473684210526315,24.473684210526315,25.473684210526315,41.1578947368421,46.32967537489875,0.642262465936026,8.043644417426892,14.896433996555116,10.738725797635542,10.818430171750432,10.24332466723835
24.473684210526315,23.473684210526315,24.473684210526315,25.473684210526315,41.1578947368421,49.82094797810418,4.061984458003799,6.0585312230942865,14.663608086624489,10.85042814408495,10.70773654547392,10.23296340247739
24.473684210526315,23.473684210526315,24.473684210526315,25.473684210526315,41.1578947368421,46.42571831787902,4.425879246332546,6.3615362386494345,14.367593612378963,10.81416389010994,10.758420834395032,10.227649622911255
24.473684210526315,23.473684210526315,24.473684210526315,25.473684210526315,41.1578947368421,45.609068763807606,7.0464508385850335,5.455705362123467,15.252463682886258,10.295066381199689,11.026308033784616,10.126667904653027
24.473684210526315,23.473684210526315,24.473684210526315,25.473684210526315,41.1578947368421,51.909385206695184,2.949605728594521,6.295994321331006,14.884428424884671,10.688284398220405,10.915225698231756,10.173683920104235
24.473684210526315,23.473684210526315,24.473684210526315,25.473684210526315,41.1578947368421,52.17374468279013,-0.5628535340112382,7.973194312558628,14.731639113545182,10.832383943255378,10.782606172626972,10.239767950844067
24.473684210526315,23.473684210526315,24.473684210526315,25.473684210526315,41.1578947368421,44.208298649783636,5.6349614994689246,6.411062666827134,14.844855676003922,11.04516834048582,10.659972933018768,10.29801572327033
24.473684210526315,23.473684210526315,24.473684210526315,25.473684210526315,41.1578947368421,50.955768474466005,0.8805160873845497,7.16886736081847,14.353087958749683,10.995180153092337,10.716713101023238,10.204399982389832
24.473684210526315,23.473684210526315,24.473684210526315,25.473684210526315,41.1578947368421,49.761066695395876,3.8273294495546133,6.304193955765498,15.068869709301897,10.706027678624263,10.834781713846144,10.164369236273592
24.473684210526315,23.473684210526315,24.473684210526315,25.473684210526315,41.1578947368421,50.570084256990434,1.8035251448150338,7.051100552822312,14.655774672899753,10.620635977646447,10.92492687307096,10.14996934505635
24.473684210526315,23.473684210526315,24.473684210526315,25.473684210526315,41.1578947368421,47.159087723820015,3.6476919034068254,6.968516281668116,14.986483363763723,10.55289037841841,10.917785510303862,10.137272522680469
24.473684210526315,23.473684210526315,24.473684210526315,25.473684210526315,41.1578947368421,49.763734431238014,1.0953057468691976,7.501678902166384,14.455812373102072,10.931982151313042,10.703155238564978,10.245117044717237
24.473684210526315,23.473684210526315,24.473684210526315,25.473684210526315,41.1578947368421,45.87980130632829,3.6751664598989664,6.7824479017821915,15.03358612625498,10.682888077884916,10.919296573313945,10.14179438380296
24.473684210526315,23.473684210526315,24.473684210526315,25.473684210526315,41.1578947368421,44.85845184397692,4.456328872091401,6.0673371133013925,14.589775158958208,10.870484972896827,10.7614656687824,10.216764116839856
25.789473684210527,24.789473684210527,25.789473684210527,26.789473684210527,41.59649122807018,47.208698916555036,2.458307509733654,5.493920296664038,13.303107439848466,11.33185787708595,10.47588516679775,10.359482175926798
25.789473684210527,24.789473684210527,25.789473684210527,26.789473684210527,41.59649122807018,50.98445654940095,-0.4342717780427142,6.157061395225475,13.383560050168025,11.466434194423403,10.381626692588764,10.390394804878179
25.789473684210527,24.789473684210527,25.789473684210527,26.789473684210527,41.59649122807018,44.714083063341036,6.374495918166246,3.887676391370491,13.537216828787138,11.284754662388073,10.48697215305966,10.33499215758809
25.789473684210527,24.789473684210527,25.789473684210527,26.789473684210527,41.59649122807018,44.19075144784055,6.4724395210232695,3.7489324469923324,12.916495017867039,11.545099558675313,10.386134777757732,10.358008582182032
25.789473684210527,24.789473684210527,25.789473684210527,26.789473684210527,41.59649122807018,50.596761702818135,0.779131599043178,5.709117238156717,13.109725967522081,11.470790080487124,10.449688027424429,10.363166095538448
25.789473684210527,24.789473684210527,25.789473684210527,26.789473684210527,41.59649122807018,49.684623348562994,0.1923022526280754,5.488699212741754,13.299318818094557,11.414259258630635,10.426388466582845,10.35836965964687
25.789473684210527,24.789473684210527,25.789473684210527,26.789473684210527,41.59649122807018,48.906698064530495,3.4160343763927523,4.959910065196577,12.837439975066648,11.502255705978648,10.376496922367288,10.345446001540267
25.789473684210527,24.789473684210527,25.789473684210527,26.789473684210527,41.59649122807018,44.49788548346618,5.934329978053263,4.065544509901584,13.313268118229072,11.357203652158843,10.479846984364166,10.31516700052662
25.789473684210527,24.789473684210527,25.789473684210527,26.789473684210527,41.59649122807018,48.77954863936824,0.8588421039290828,5.590332567644062,13.105349013086947,11.532888661173843,10.32793935760915,10.379437446882582
25.789473684210527,24.789473684210527,25.789473684210527,26.789473684210527,41.59649122807018,48.86921072983386,0.6159757352928571,6.142975932432712,13.071316748648115,11.449827481013275,10.412599386636627,10.346198209668461
25.789473684210527,24.789473684210527,25.789473684210527,26.789473684210527,41.59649122807018,46.02387693156087,3.483247059829309,4.929516264306064,13.355181510359298,11.358645088877761,10.370070111671659,10.385978335949776
25.789473684210527,24.789473684210527,25.789473684210527,26.789473684210527,41.59649122807018,46.983269216027075,1.0643999710847005,5.289952593293255,13.272857185036875,11.336836871539614,10.505076913104602,10.353115255503203
25.789473684210527,24.789473684210527,25.789473684210527,26.789473684210527,41.59649122807018,49.126519450957225,2.2839988448066033,5.149853477537236,13.198814164914712,11.473467898769268,10.41628968744225,10.370574245497389
25.789473684210527,24.789473684210527,25.789473684210527,26.789473684210527,41.59649122807018,50.79529820564416,1.4423550424519653,4.918350180372094,13.558565293471592,11.210547498568076,10.512542967355923,10.31161899789061
25.789473684210527,24.789473684210527,25.789473684210527,26.789473684210527,41.59649122807018,47.01799419063878,4.353588827331419,4.439537196789884,13.429106782429724,11.234394217962379,10.563457275686376,10.304396961792847
25.789473684210527,24.789473684210527,25.789473684210527,26.789473684210527,41.59649122807018,46.17743444954532,3.8916733425165613,5.113660599379704,13.08395913225264,11.37748793119447,10.49611965306862,10.313842213072538
25.789473684210527,24.789473684210527,25.789473684210527,26.789473684210527,41.59649122807018,47.63734012631809,1.6181612656758377,5.7904809709567155,13.107710857414101,11.42450121612147,10.42227196150041,10.327362107699198
25.789473684210527,24.789473684210527,25.789473684210527,26.789473684210527,41.59649122807018,49.60983614022564,-0.25239528880558815,5.956569240381057,12.95726359723857,11.559204603993473,10.315012592040405,10.391393989003163
25.789473684210527,24.789473684210527,25.789473684210527,26.789473684210527,41.59649122807018,46.57794457786912,3.51943021161533,4.590632354487131,13.302806514976837,11.249997909514763,10.521309813263565,10.346272612244908
25.789473684210527,24.789473684210527,25.789473684210527,26.789473684210527,41.59649122807018,48.21772970366211,2.228165155121107,5.39597278166075,13.253794133287318,11.226342953077179,10.48156714212701,10.329209567421728
27.10526315789474,26.10526315789474,27.10526315789474,28.10526315789474,42.03508771929825,45.92750425039649,0.2718773042357263,5.69329307407278,13.384779348071495,11.178060886772082,10.527436261234998,10.322204301440404
27.10526315789474,26.10526315789474,27.10526315789474,28.10526315789474,42.03508771929825,50.25243384358924,-0.06838431780195846,5.632551640272602,13.856723924313425,10.68533466876395,10.76317413536801,10.244326986932354
27.10526315789474,26.10526315789474,27.10526315789474,28.10526315789474,42.03508771929825,44.417693188834185,2.5912874721584083,4.632929682731267,13.467454293960714,10.983368255450106,10.59918800269079,10.287224997311213
27.10526315789474,26.10526315789474,27.10526315789474,28.10526315789474,42.03508771929825,48.5224297723734,-0.6916169404728891,5.8203413063681895,13.57020311594077,10.922220572060727,10.56777053323613,10.328768665216058
27.10526315789474,26.10526315789474,27.10526315789474,28.10526315789474,42.03508771929825,49.66901253333568,0.014460179277796614,5.768225997036268,13.198841725192906,11.179244935249496,10.438897112357502,10.354921554663981
27.10526315789474,26.10526315789474,27.10526315789474,28.10526315789474,42.03508771929825,45.97335223577869,3.437942850919666,4.270495563626995,13.440926893545491,10.883661674131979,10.740963790533472,10.221563284695277
27.10526315789474,26.10526315789474,27.10526315789474,28.10526315789474,42.03508771929825,46.52151659448544,0.5323652093255101,5.430033787627964,13.593209599955873,10.94516590772755,10.560039246584333,10.268177648221021
27.10526315789474,26.10526315789474,27.10526315789474,28.10526315789474,42.03508771929825,48.29470212100332,-0.9001958986850086,5.414568176117648,13.64636003495152,10.98372866078316,10.58547175989288,10.299175429463773
27.10526315789474,26.10526315789474,27.10526315789474,28.10526315789474,42.03508771929825,43.77464771220985,3.4356698705535815,4.298803723915057,13.414062889386047,10.917355458436688,10.694156233064154,10.254539662096791
27.10526315789474,26.10526315789474,27.10526315789474,28.10526315789474,42.03508771929825,47.394452139461194,0.564646086068523,5.169448940210295,13.508073189125913,11.045953619457709,10.546753510044612,10.312404837391027
27.10526315789474,26.10526315789474,27.10526315789474,28.10526315789474,42.03508771929825,50.37825205989039,-0.9743228869682025,5.435466436824886,13.842556502179292,10.899719151078958,10.588385047355455,10.350114754201323
27.10526315789474,26.10526315789474,27.10526315789474,28.10526315789474,42.03508771929825,48.08113662158347,-1.984368810552001,5.85079487336054,13.183427811186478,10.969718811164269,10.605680837647864,10.31858671278773
27.10526315789474,26.10526315789474,27.10526315789474,28.10526315789474,42.03508771929825,49.712611666896606,-0.23843261814406516,5.3129359011185455,13.509782391392143,10.740884105892246,10.673355876552595,10.236709816630366
27.10526315789474,26.10526315789474,27.10526315789474,28.10526315789474,42.03508771929825,51.49292196615686,-0.19121490310479244,5.7927935228824365,13.472317465587684,11.029976775510002,10.622649235168971,10.285214531674226
27.10526315789474,26.10526315789474,27.10526315789474,28.10526315789474,42.03508771929825,44.10729843657094,2.3485070756023463,4.794116770824141,13.63857893970669,10.96714495455704,10.515367496023575,10.347264390373356
27.10526315789474,26.10526315789474,27.10526315789474,28.10526315789474,42.03508771929825,47.0432493081045,1.1059788809598852,4.616254161955251,13.530126939373423,10.853556307504132,10.6553311296081,10.25402145760749
27.10526315789474,26.10526315789474,27.10526315789474,28.10526315789474,42.03508771929825,47.842834815707334,1.180000576379785,5.402941292519343,13.391353788664553,11.044022196659657,10.610062085146602,10.321752466777877
27.10526315789474,26.10526315789474,27.10526315789474,28.10526315789474,42.03508771929825,46.271583485170744,2.832444114270437,4.5638050740349145,13.466012205422945,10.945561972738727,10.639370031297641,10.256942999746771
27.10526315789474,26.10526315789474,27.10526315789474,28.10526315789474,42.03508771929825,45.361029832307246,0.7606342488024411,5.440763071265417,13.283764888976547,10.94379919617265,10.563324156784768,10.384649402052148
27.10526315789474,26.10526315789474,27.10526315789474,28.10526315789474,42.03508771929825,49.37512136908867,0.27770015738782544,5.176002259720224,13.595557134233239,10.878547109346094,10.580382826013262,10.306332486703464
28.42105263157895,27.42105263157895,28.42105263157895,29.42105263157895,42.473684210526315,50.06982703908087,-2.76838735379643,5.594328934618819,13.90126429981575,10.380159708247088,10.840385336647795,10.172577011859918
28.42105263157895,27.42105263157895,28.42105263157895,29.42105263157895,42.473684210526315,46.478259745505376,-0.3830726985495758,5.011733466311161,13.710906660215986,10.46557376961332,10.752610024016631,10.254986142205052
28.42105263157895,27.42105263157895,28.42105263157895,29.42105263157895,42.473684210526315,45.61512690602373,0.5601765697456935,4.51195693235004,13.62980673027792,10.54524478528234,10.705263834491353,10.273961125525346
28.42105263157895,27.42105263157895,28.42105263157895,29.42105263157895,42.473684210526315,48.13810783798789,0.08505437989700587,4.945824384761592,13.532974444206465,10.606157803024177,10.721506436008003,10.239353882510244
28.42105263157895,27.42105263157895,28.42105263157895,29.42105263157895,42.473684210526315,44.727904230087326,1.5602833572205137,4.942774570362183,13.675720946872199,10.531971081366455,10.763798956779388,10.265759515425867
28.42105263157895,27.42105263157895,28.42105263157895,29.42105263157895,42.473684210526315,51.60276177568977,-3.414439483769186,5.94957736698944,13.57315968657247,10.51786663006766,10.734082326481271,10.299832925404552
28.42105263157895,27.42105263157895,28.42105263157895,29.42105263157895,42.473684210526315,46.24077003390445,-1.3251503518369077,5.398774667574216,13.58484475986138,10.46619750716963,10.830732183709317,10.180459773987376
28.42105263157895,27.42105263157895,28.42105263157895,29.42105263157895,42.473684210526315,51.40453148493755,-5.27729402261582,6.890920702554146,13.5863155205242,10.638745155944802,10.70125494789953,10.260349426336452
28.42105263157895,27.42105263157895,28.42105263157895,29.42105263157895,42.473684210526315,47.15003841752168,-1.780972603920328,5.398632367175793,13.511885472097262,10.670345650006107,10.72393900986364,10.250661042311215
28.42105263157895,27.42105263157895,28.42105263157895,29.42105263157895,42.473684210526315,46.95170152914042,-1.0758133386556135,5.252296332812815,13.5011726498782,10.51768077398892,10.755203707871475,10.268223444217842
28.42105263157895,27.42105263157895,28.42105263157895,29.42105263157895,42.473684210526315,50.25184220757178,-4.637096147902354,6.949655425834561,13.513999063319917,10.531226382791683,10.76774710725297,10.230755283038063
28.42105263157895,27.42105263157895,28.42105263157895,29.42105263157895,42.473684210526315,47.65236027212134,-2.392739997395815,5.4841820142956355,13.368754968939284,10.552251343203498,10.722512023763981,10.231182345485088
28.42105263157895,27.42105263157895,28.42105263157895,29.42105263157895,42.473684210526315,51.1529614135808,-3.2463600197182103,6.397337504871231,13.464670335009467,10.582798176013005,10.752034341504439,10.276222954803748
28.42105263157895,27.42105263157895,28.42105263157895,29.42105263157895,42.473684210526315,44.11051732397819,0.9889269258674369,4.9348440604646395,13.647884724322324,10.565678872735482,10.748352415129336,10.215257828624118
28.42105263157895,27.42105263157895,28.42105263157895,29.42105263157895,42.473684210526315,48.1676983620953,-1.2389025991001676,5.414254733490342,13.530382935658736,10.472905058333309,10.830387168044679,10.173053456337167
28.42105263157895,27.42105263157895,28.42105263157895,29.42105263157895,42.473684210526315,48.61896085298182,-2.9910445695510077,6.026898372894434,13.513356986002286,10.654584038587702,10.706144481687389,10.231806226212765
28.42105263157895,27.42105263157895,28.42105263157895,29.42105263157895,42.473684210526315,46.276544537637754,-1.7237349326487539,5.956018946472185,13.564894980889582,10.538521883754434,10.803010155914803,10.239542185178474
28.42105263157895,27.42105263157895,28.42105263157895,29.42105263157895,42.473684210526315,43.25216383440319,2.261732727981573,4.67447010866836,13.705729296227116,10.596582458809902,10.690690337154487,10.243288812666162
28.42105263157895,27.42105263157895,28.42105263157895,29.42105263157895,42.473684210526315,46.276988098576005,0.44338502571045324,4.819421378448129,13.669678710791494,10.59511021111358,10.713168165372906,10.264427032946363
28.42105263157895,27.42105263157895,28.42105263157895,29.42105263157895,42.473684210526315,50.152491539553864,-3.4735896750747632,6.349442626203357,13.29441432390933,10.775941835185499,10.70182461243743,10.252970683833796
29.736842105263158,28.736842105263158,29.736842105263158,30.736842105263158,42.91228070175438,46.64981958264864,-1.3248160037168313,4.192319890257507,11.430325579017373,11.632577982285877,10.09453508090242,10.483284317690766
29.736842105263158,28.736842105263158,29.736842105263158,30.736842105263158,42.91228070175438,45.926190347244855,-1.2909633172051327,4.163159514813767,11.530611540319002,11.374217776223688,10.308357309005585,10.3858034552659
29.736842105263158,28.736842105263158,29.736842105263158,30.736842105263158,42.91228070175438,48.16116288968168,-2.6813645625428837,4.502095223747038,11.23502762892726,11.858198978777121,10.02224852631239,10.484672202405662
29.736842105263158,28.736842105263158,29.736842105263158,30.736842105263158,42.91228070175438,46.65542690093339,-3.29678500892901,4.969472380682617,11.273331623085795,11.68897073360674,10.119323235034166,10.4961254354863
29.736842105263158,28.736842105263158,29.736842105263158,30.736842105263158,42.91228070175438,48.990777167308686,-1.6069178194352618,4.139438626265023,11.466088792287005,11.762916282902623,10.163293950281576,10.398537164477895
29.736842105263158,28.736842105263158,29.736842105263158,30.736842105263158,42.91228070175438,47.86225340591127,-2.1404845877110135,4.227615788620763,11.496115561057403,11.659493566995655,10.13150668453386,10.408593452679412
29.736842105263158,28.736842105263158,29.736842105263158,30.736842105263158,42.91228070175438,44.82284099826939,-0.8724640107203145,4.039415427947266,11.49938640513198,11.4098470053773,10.329801816155895,10.33471335778157
29.736842105263158,28.736842105263158,29.736842105263158,30.736842105263158,42.91228070175438,44.85445484731463,-1.8822146384270146,4.430209429759836,11.434781074185711,11.61573891318792,10.208482344175104,10.3987596074205
29.736842105263158,28.736842105263158,29.736842105263158,30.736842105263158,42.91228070175438,48.26552320309808,-2.4179887446970936,4.413753538712981,11.45712383608111,11.648180231500348,10.193467616520024,10.430584462928177
29.736842105263158,28.736842105263158,29.736842105263158,30.736842105263158,42.91228070175438,50.86784914880659,-4.6074470030421555,5.228437623508074,11.187909373838567,11.774420246550497,10.085858700751363,10.492736056033175
29.736842105263158,28.736842105263158,29.736842105263158,30.736842105263158,42.91228070175438,49.60483568264378,-2.8294998496273287,4.330453932469094,11.789313816489859,11.46969624800357,10.187008039327713,10.41029285124909
29.736842105263158,28.736842105263158,29.736842105263158,30.736842105263158,42.91228070175438,42.59423974422425,-0.26944004479174977,3.9139658048603208,11.555891273223597,11.446077852753925,10.272539151699341,10.372113686190255
29.736842105263158,28.736842105263158,29.736842105263158,30.736842105263158,42.91228070175438,48.5880415900446,-2.5747555199018706,4.606720455696382,11.489124721795726,11.581779370421454,10.200496621296354,10.380457497515206
29.736842105263158,28.736842105263158,29.736842105263158,30.736842105263158,42.91228070175438,47.20728689415189,-2.2985130485428007,4.236243752210593,11.59283204883796,11.699261755427205,10.113706839431776,10.439939898305415
29.736842105263158,28.736842105263158,29.736842105263158,30.736842105263158,42.91228070175438,46.53574195491679,-2.25607787107442,4.365330189280926,11.155362112647778,11.860699797448671,10.05167832276539,10.499766503024105
29.736842105263158,28.736842105263158,29.736842105263158,30.736842105263158,42.91228070175438,48.91598379805937,-2.9775621925395814,4.612995779215172,11.462818028531698,11.541936020140005,10.155876000943149,10.455404251013888
29.736842105263158,28.736842105263158,29.736842105263158,30.736842105263158,42.91228070175438,44.93900917826493,-0.1965094747278028,3.89912546933339,11.611573770232345,11.580371343675795,10.268519095992115,10.46188067469296
29.736842105263158,28.736842105263158,29.736842105263158,30.736842105263158,42.91228070175438,46.45530195979194,-0.9191476076932715,3.911386953042194,11.439737751238601,11.77591558786405,10.129609422894431,10.415453030154312
29.736842105263158,28.736842105263158,29.736842105263158,30.736842105263158,42.91228070175438,48.69004550122745,-3.998198569818592,4.948359058349528,11.312794339464977,11.718960413869826,10.141531176906605,10.473007620938395
29.736842105263158,28.736842105263158,29.736842105263158,30.736842105263158,42.91228070175438,47.67727569356634,-2.25537798638324,4.62201268127022,11.354133658195254,11.637846774895632,10.162553270495964,10.460978991046607
31.05263157894737,30.05263157894737,31.05263157894737,32.05263157894737,43.35087719298246,47.64099116839696,-3.639519065952771,4.604781923148501,12.039317148411312,11.07689969695194,10.403328611362527,10.315543361877868
31.05263157894737,30.05263157894737,31.05263157894737,32.05263157894737,43.35087719298246,46.79014756652905,-3.8527261508521233,4.448318014053235,12.159856249224898,10.929530148027176,10.495362727900822,10.33610347412622
31.05263157894737,30.05263157894737,31.05263157894737,32.05263157894737,43.35087719298246,49.01741550176093,-3.6738623387809994,4.555708606991251,11.859099045511291,10.966475274048417,10.49129055266239,10.320454391773335
31.05263157894737,30.05263157894737,31.05263157894737,32.05263157894737,43.35087719298246,48.37768250348745,-5.758955609109633,4.974591754658605,12.19420787930026,10.927947421095366,10.462280546627637,10.32097638035224
31.05263157894737,30.05263157894737,31.05263157894737,32.05263157894737,43.35087719298246,50.23636829127759,-5.104218059987199,4.891698441197541,12.007925346526799,11.070482251089755,10.408572366162266,10.379661751848646
31.05263157894737,30.05263157894737,31.05263157894737,32.05263157894737,43.35087719298246,43.958372756348396,-1.315984992596793,3.768804697762805,12.231450623523402,10.884692666538792,10.499482974801046,10.3045233038074
31.05263157894737,30.05263157894737,31.05263157894737,32.05263157894737,43.35087719298246,45.29120635228052,-3.4496736867132833,4.652114176156544,12.055234613368095,10.904413167659577,10.509919072804884,10.332450088737728
31.05263157894737,30.05263157894737,31.05263157894737,32.05263157894737,43.35087719298246,40.55556856982875,0.6700339940982545,3.135586917477573,12.22783195874144,10.824338089561055,10.546171271799315,10.32815948421916
31.05263157894737,30.05263157894737,31.05263157894737,32.05263157894737,43.35087719298246,49.16880436019759,-4.863887793776715,4.4971678427378645,12.277095260602717,10.817338376572886,10.516427895061764,10.33166944664244
31.05263157894737,30.05263157894737,31.05263157894737,32.05263157894737,43.35087719298246,49.491469854173204,-5.560508239975854,5.22661024891471,12.024940855446706,11.065408953971229,10.435547619309082,10.374445820608349
31.05263157894737,30.05263157894737,31.05263157894737,32.05263157894737,43.35087719298246,45.97345297576682,-2.4345524544871364,4.003445088673388,12.417643712998634,10.751999625783098,10.536790502703317,10.340183321726306
31.05263157894737,30.05263157894737,31.05263157894737,32.05263157894737,43.35087719298246,46.6945563112651,-4.168698085778421,4.920373884937282,12.091599573408883,10.892345588000346,10.503484937993191,10.293108043811793
31.05263157894737,30.05263157894737,31.05263157894737,32.05263157894737,43.35087719298246,47.068537168417365,-3.459473950183011,4.375777572884935,12.277914783160611,10.89251223641837,10.534494724738954,10.32509698069918
31.05263157894737,30.05263157894737,31.05263157894737,32.05263157894737,43.35087719298246,49.36077144434748,-5.952347581520105,5.026960722821964,11.987592333189697,11.061012222594552,10.430116043717382,10.378152603476241
31.05263157894737,30.05263157894737,31.05263157894737,32.05263157894737,43.35087719298246,47.94655144614788,-4.761558919496568,4.6848376837340115,11.977858487378407,11.013898881450505,10.445641299088923,10.360746555238634
31.05263157894737,30.05263157894737,31.05263157894737,32.05263157894737,43.35087719298246,50.48844478141728,-7.11955699829091,5.4111588759268185,12.202428355046473,10.912386906374891,10.524633706253884,10.284044652625827
31.05263157894737,30.05263157894737,31.05263157894737,32.05263157894737,43.35087719298246,49.92544993106853,-6.165611332093398,5.17373725661334,12.262070363307865,10.863183073830612,10.483969141679847,10.350314267481448
31.05263157894737,30.05263157894737,31.05263157894737,32.05263157894737,43.35087719298246,49.176836748877186,-5.022204462565248,4.631513069353438,12.016666310159467,11.040733231239463,10.465403316832402,10.3854147820853
31.05263157894737,30.05263157894737,31.05263157894737,32.05263157894737,43.35087719298246,47.51651790056461,-3.703211176516117,4.476766102561691,12.18594547536354,10.943508344432528,10.474308327634807,10.312303999693599
31.05263157894737,30.05263157894737,31.05263157894737,32.05263157894737,43.35087719298246,50.353430600622296,-6.766471152752595,5.256740904831029,11.830937846309675,11.08837925720227,10.432840828300638,10.384882936960235
32.36842105263158,31.368421052631582,32.36842105263158,33.36842105263158,43.78947368421053,46.43530992100335,-5.156915966808407,4.790553381272102,12.480147995980579,10.487047025273357,10.642926137629798,10.277964633178458
32.36842105263158,31.368421052631582,32.36842105263158,33.36842105263158,43.78947368421053,47.27830368369526,-5.189849916300203,4.665072533221505,12.693096403610925,10.305372750804208,10.706258064411848,10.255764211828408
32.36842105263158,31.368421052631582,32.36842105263158,33.36842105263158,43.78947368421053,46.95412793591477,-6.617994030514405,5.0842404190508566,12.5129059299046,10.633265123376786,10.645648593613076,10.28582436394253
32.36842105263158,31.368421052631582,32.36842105263158,33.36842105263158,43.78947368421053,47.696358451292404,-5.4344587063428635,4.485499951570334,12.778298337234164,10.329589218225275,10.751632380477536,10.273880366205868
32.36842105263158,31.368421052631582,32.36842105263158,33.36842105263158,43.78947368421053,45.64626353143461,-3.6063971562778656,4.4428766261815245,12.49617012195915,10.528820032368676,10.66536150967631,10.262038907037425
32.36842105263158,31.368421052631582,32.36842105263158,33.36842105263158,43.78947368421053,44.39074348396425,-1.959365368955975,3.7104493783718713,12.708907219736576,10.35879751540723,10.770118513969395,10.250286695230999
32.36842105263158,31.368421052631582,32.36842105263158,33.36842105263158,43.78947368421053,43.129553978416524,-0.45635745121518523,3.30289114328896,12.74831484179789,10.394374803263432,10.72467698572252,10.259083388909502
32.36842105263158,31.368421052631582,32.36842105263158,33.36842105263158,43.78947368421053,45.14843514857536,-4.688474115844968,4.561429456951045,12.579011332544352,10.54953056067065,10.634457138585569,10.259335236281993
32.36842105263158,31.368421052631582,32.36842105263158,33.36842105263158,43.78947368421053,47.92589826703577,-8.550860297620353,6.002323092991215,12.60769499446976,10.400295333256288,10.678921503515255,10.265744093400913
32.36842105263158,31.368421052631582,32.36842105263158,33.36842105263158,43.78947368421053,47.375309089492596,-7.423159316900853,5.3745725606069445,12.561565231376058,10.428523212249555,10.652531269162369,10.29066532113494
32.36842105263158,31.368421052631582,32.36842105263158,33.36842105263158,43.78947368421053,50.38199545935635,-6.893755268303221,5.274966570746832,12.532705138986996,10.580295463715457,10.60867418059478,10.289774651372571
32.36842105263158,31.368421052631582,32.36842105263158,33.36842105263158,43.78947368421053,45.94527418071144,-3.268407735130788,3.971263194596147,12.718598893581177,10.505268038118297,10.60587369571878,10.267751297678586
32.36842105263158,31.368421052631582,32.36842105263158,33.36842105263158,43.78947368421053,43.73875590255376,-3.4444690338782533,4.649237283061198,12.635425591992675,10.37125245183569,10.751067163998743,10.262396106428307
32.36842105263158,31.368421052631582,32.36842105263158,33.36842105263158,43.78947368421053,47.88551927276433,-5.506470856943839,4.816877718294385,12.65663882061594,10.347426184629406,10.738036626112706,10.19422991049765
32.36842105263158,31.368421052631582,32.36842105263158,33.36842105263158,43.78947368421053,48.61551332092257,-5.324914153629625,4.497592738508817,12.781017367497524,10.471919961662643,10.663113217633349,10.27850792371025
32.36842105263158,31.368421052631582,32.36842105263158,33.36842105263158,43.78947368421053,47.168984394535784,-5.95737541192278,4.924350572150842,12.575559962895827,10.409550111713118,10.692156374780048,10.255059646689517
32.36842105263158,31.368421052631582,32.36842105263158,33.36842105263158,43.78947368421053,47.2472540848204,-6.308788936622821,4.931644393043555,12.50008513368291,10.56253897180494,10.618601319544915,10.245566686275701
32.36842105263158,31.368421052631582,32.36842105263158,33.36842105263158,43.78947368421053,45.21910044705993,-4.255611020532044,4.130228789312442,12.803538885816614,10.295351154790696,10.710225141793636,10.252552145579662
32.36842105263158,31.368421052631582,32.36842105263158,33.36842105263158,43.78947368421053,44.43607120289812,-3.164934219542424,3.9875818517662394,12.78003405495425,10.440441119041928,10.7153203678155,10.237718613550173
32.36842105263158,31.368421052631582,32.36842105263158,33.36842105263158,43.78947368421053,48.63144991522454,-7.949094479125688,5.731386630162153,12.534079076079307,10.609979497360982,10.599890300121537,10.294363718037962
33.684210526315795,32.684210526315795,33.684210526315795,34.684210526315795,44.228070175438596,45.705114583076494,-5.4266768393750064,3.883116711954673,9.709875746986354,12.048293870728559,9.775074507511796,10.513421795637404
33.684210526315795,32.684210526315795,33.684210526315795,34.684210526315795,44.228070175438596,47.76468006458895,-6.280638800775935,4.014484403923266,9.776043767416523,12.037706971952023,9.834882400746043,10.512919487102522
33.684210526315795,32.684210526315795,33.684210526315795,34.684210526315795,44.228070175438596,45.357628458048524,-5.090036921742767,3.916140461034464,9.774498908836367,12.006436086201166,9.948931549299054,10.524829771411628
33.684210526315795,32.684210526315795,33.684210526315795,34.684210526315795,44.228070175438596,45.164141020452185,-5.6645851223702905,4.209983868577027,9.628558714083146,12.107938439980595,9.82482161886298,10.482987893935531
33.684210526315795,32.684210526315795,33.684210526315795,34.684210526315795,44.228070175438596,47.442834621229935,-7.4520714362165865,4.664089727495565,9.716462936711165,12.078224190877748,9.778219749636927,10.496436375076925
33.684210526315795,32.684210526315795,33.684210526315795,34.684210526315795,44.228070175438596,47.313114614238444,-6.129604120516793,3.8050079291277026,9.941795895653668,12.004398328815897,9.846205665787116,10.53356848583721
33.684210526315795,32.684210526315795,33.684210526315795,34.684210526315795,44.228070175438596,44.21646118693786,-4.015981781117667,3.570399867684931,9.6716644224779,12.177705427085154,9.780885187112581,10.534851547473737
33.684210526315795,32.684210526315795,33.684210526315795,34.684210526315795,44.228070175438596,47.06563881722331,-4.8279545361688765,3.4347672938616567,9.718523400936855,12.003155814454063,9.857339304475248,10.53055943979205
33.684210526315795,32.684210526315795,33.684210526315795,34.684210526315795,44.228070175438596,41.009312241339366,-1.3048657671222068,2.7708342812708975,9.821497448779445,11.918580972818523,9.91978710223793,10.502181425074099
33.684210526315795,32.684210526315795,33.684210526315795,34.684210526315795,44.228070175438596,46.91480684861475,-5.6294304003708175,3.947830283355829,9.896983865910165,11.873749815991061,9.889130941409807,10.528232853638523
33.684210526315795,32.684210526315795,33.684210526315795,34.684210526315795,44.228070175438596,45.03146729691077,-4.473676880246654,3.4570395739164548,9.759698294189903,11.97747430743869,9.882763089240703,10.515665382372001
33.684210526315795,32.684210526315795,33.684210526315795,34.684210526315795,44.228070175438596,48.24136503378453,-7.405627591642348,4.495533702689273,9.729520977190324,12.056730627092923,9.827097401657822,10.48713859634671
33.684210526315795,32.684210526315795,33.684210526315795,34.684210526315795,44.228070175438596,45.088487694583165,-4.887401251467016,3.5460237241830423,9.636086507696414,12.174881838019093,9.796018945907619,10.53381182112188
33.684210526315795,32.684210526315795,33.684210526315795,34.684210526315795,44.228070175438596,48.38195965832658,-9.044688890736062,5.1057166837449,9.627591787765372,12.064328336539333,9.82022335534855,10.502671836903717
33.684210526315795,32.684210526315795,33.684210526315795,34.684210526315795,44.228070175438596,45.22095704742062,-4.39205867629804,3.357592592775466,9.711606868502829,11.975887224791903,9.892535754376494,10.537243560325948
33.684210526315795,32.684210526315795,33.684210526315795,34.684210526315795,44.228070175438596,44.563376785060676,-4.798196684282956,3.639952041386844,9.788359495930257,12.202996055433648,9.789824017042976,10.522483837237417
33.684210526315795,32.684210526315795,33.684210526315795,34.684210526315795,44.228070175438596,46.401702226771675,-4.634442173825863,3.5986708377132866,9.72105347391368,11.979808013391006,9.903520618039407,10.466569806963491
33.684210526315795,32.684210526315795,33.684210526315795,34.684210526315795,44.228070175438596,50.510843330615685,-9.636502985605466,5.168272475962347,9.226096144156585,12.33200755131091,9.726736250887964,10.548830423924784
33.684210526315795,32.684210526315795,33.684210526315795,34.684210526315795,44.228070175438596,45.23640421471498,-6.720638187996916,4.101535951125229,9.70789633058167,12.173185294533457,9.75109097033631,10.53693413281006
33.684210526315795,32.684210526315795,33.684210526315795,34.684210526315795,44.228070175438596,44.222676963684556,-4.574504975433566,3.7685553641163576,9.657430276779174,12.134196960929435,9.798934197834372,10.532905141501962
35.0,34.0,35.0,36.0,44.666666666666664,46.91657378081893,-7.719638703704892,4.224351036742849,10.994767418271039,11.134326320078763,10.256249470669275,10.436454653742635
35.0,34.0,35.0,36.0,44.666666666666664,45.90097894810767,-6.015020319483208,3.57599881382979,11.097604982520473,10.838649506313729,10.413824222651614,10.348304951366885
35.0,34.0,35.0,36.0,44.666666666666664,47.15316936113976,-8.169547235792631,4.151836992258811,10.700430320831465,11.342001211736134,10.20958161604309,10.380400644489193
35.0,34.0,35.0,36.0,44.666666666666664,45.36606383988831,-7.776424698983502,4.436684106552028,10.917326286005666,11.251805966050979,10.245698875548673,10.437675201373434
35.0,34.0,35.0,36.0,44.666666666666664,45.39150009634857,-6.347243203251559,3.8083298783535318,11.06603351976317,11.198892005548293,10.205548129476002,10.434543007358041
35.0,34.0,35.0,36.0,44.666666666666664,44.863032580207914,-6.72630346838796,4.067417259554105,10.973059312787889,11.103852419835757,10.239239033420931,10.38540519198879
35.0,34.0,35.0,36.0,44.666666666666664,49.08827191579418,-9.724157276684313,5.038965336553241,10.688724026086959,11.210945986477894,10.253836070020814,10.383544643191883
35.0,34.0,35.0,36.0,44.666666666666664,43.81057714294396,-5.214755839733934,3.692386255360542,10.71994703345593,11.354572512494896,10.159555815072352,10.38874051705397
35.0,34.0,35.0,36.0,44.666666666666664,44.93119736216358,-7.700674791672225,4.35574024858786,10.936777102888785,11.175389470812595,10.24857267949831,10.390442485380479
35.0,34.0,35.0,36.0,44.666666666666664,45.95466379910216,-6.341963035154139,3.7311968257229577,10.9313992046246,11.217193586856045,10.209962638833598,10.442275282165724
35.0,34.0,35.0,36.0,44.666666666666664,45.039312064511094,-7.121584144069978,4.255013750957428,10.739092212987455,11.271583564365153,10.251397026748208,10.375988129007004
35.0,34.0,35.0,36.0,44.666666666666664,44.360267926588236,-8.151782995439408,4.787120818402317,10.887985322808335,11.18732714409309,10.224113509312735,10.420696391526116
35.0,34.0,35.0,36.0,44.666666666666664,44.131553843629646,-5.509334135436508,3.750948954433493,11.127427598092986,10.94878713204105,10.342432563659017,10.345051183151982
35.0,34.0,35.0,36.0,44.666666666666664,46.996107247389325,-8.786374649379752,4.557858222154192,10.79000711057638,11.248928393424814,10.18367340943115,10.389934671236336
35.0,34.0,35.0,36.0,44.666666666666664,46.4279258799697,-7.131607491533145,4.146665462378475,10.945125063575265,11.115682920706535,10.232405009710018,10.383697801888866
35.0,34.0,35.0,36.0,44.666666666666664,46.77625588362428,-6.572412375104754,3.892278824024783,11.110765843198624,10.958373279145627,10.364684646773025,10.358746882615424
35.0,34.0,35.0,36.0,44.666666666666664,49.53650909481151,-8.888380599520309,4.585376578963516,10.961700621647354,11.14938565623187,10.222836242943096,10.409113232482621
35.0,34.0,35.0,36.0,44.666666666666664,43.34466920984577,-5.494049499949142,3.8369011947558347,10.831169169891853,11.081659223650961,10.261235300226403,10.413267646376033
35.0,34.0,35.0,36.0,44.666666666666664,43.64425871294615,-6.526646644810177,3.9493591797167715,10.825314949510929,11.228697081605553,10.248438790717591,10.397911012383991
35.0,34.0,35.0,36.0,44.666666666666664,43.08180339277534,-5.63211530125271,3.7238409158579455,10.824233466864362,11.210273414143204,10.306043019890177,10.368570432391751
